review_date,url,issue_id,severity,category,issue_detail,why_it_matters,suggested_solution
2026-03-30,https://aicryptocore.com/bitcoin-long-positions-bitfinex-highest-since-november-2023/,1,High,Sourcing,"The core claim that Bitfinex BTC longs reached about 79,343 and hit the highest level since November 2023 is supported with secondary articles instead of a primary data source, source chart, or explicit methodology.","This weakens trust, especially on a financial topic where readers and search systems expect clear evidence and transparent sourcing.","Cite the original data source directly, add a source chart or screenshot with attribution, and include a methodology sentence stating what was measured, when it was captured, and why it matters."
2026-03-30,https://aicryptocore.com/bitcoin-long-positions-bitfinex-highest-since-november-2023/,2,High,Title,"The title says 'What History Says Next' but the body does not deliver a meaningful historical analysis or predictive framework.","This creates a mismatch between expectation and delivery and makes the headline feel overstated.","Either deepen the article with real historical comparison data or retitle it to match the current scope, for example by framing it as a 16-month high and squeeze-risk watch rather than a history-backed forecast."
2026-03-30,https://aicryptocore.com/bitcoin-long-positions-bitfinex-highest-since-november-2023/,3,High,Originality,"The article mostly summarizes external coverage and standard market mechanics without adding much proprietary reporting or analysis.","Thin added value makes the piece feel derivative and reduces its usefulness versus existing search results.","Add original value through a comparison table, proprietary chart annotations, an analyst framework, or direct interpretation of what would confirm or invalidate the signal."
2026-03-30,https://aicryptocore.com/bitcoin-long-positions-bitfinex-highest-since-november-2023/,4,Medium,Analysis,"The historical comparison relies mainly on one prior period, November 2023, which is too narrow for the article's framing.","One example is anecdotal and not strong enough to support broad history-based claims.","Add at least two to four prior comparison points with date, position level, BTC price, and 7-day or 30-day outcome."
2026-03-30,https://aicryptocore.com/bitcoin-long-positions-bitfinex-highest-since-november-2023/,5,Medium,Clarity,"The article does not clearly define what the 79,343 figure measures, whether it is margin longs only, what the unit means, or when the reading was taken.","Undefined metrics reduce clarity and reader confidence.","Add one explanatory sentence near the first mention that defines the metric, the unit, the source, and the timestamp or timezone."
2026-03-30,https://aicryptocore.com/bitcoin-long-positions-bitfinex-highest-since-november-2023/,6,Medium,Internal Linking,"The internal links point to El Salvador reserves, Ethereum tokenized assets, and Asia regulation, which are only loosely related to Bitfinex margin-long positioning.","Weakly aligned links dilute topical focus and do not help the reader go deeper on the exact topic.","Replace those links with internal pages about Bitcoin leverage, liquidation risk, open interest, ETF flows, whale positioning, or prior BTC market-structure analysis."
2026-03-30,https://aicryptocore.com/bitcoin-long-positions-bitfinex-highest-since-november-2023/,7,Medium,Visual Support,"The visuals and captions do not clearly validate the article's central claim about Bitfinex margin longs.","If visuals are present but not tightly relevant, they do not add trust or analytical value.","Use a chart that directly shows Bitfinex longs or BTC price versus Bitfinex longs, and write captions that explain exactly what the reader should infer from the graphic."
2026-03-30,https://aicryptocore.com/bitcoin-long-positions-bitfinex-highest-since-november-2023/,8,Medium,Trust Signals,"The page has a byline and schema author, but the article itself gives little context about author expertise or how the analysis was assembled.","Finance content benefits from stronger who-and-how trust signals.","Strengthen the author page, add editorial or methodology context, and clearly explain whether the piece is reported analysis, data synthesis, or both."
2026-03-30,https://aicryptocore.com/bitcoin-long-positions-bitfinex-highest-since-november-2023/,9,Medium,Usefulness,"The analysis stops at a generic conclusion that the market could rally or squeeze depending on spot demand.","That is directionally true but not decision-useful enough for readers seeking insight.","Add a clear bull-case, bear-case, and neutral-case framework tied to observable market conditions such as support levels, spot demand, ETF flows, or liquidation pressure."
2026-03-30,https://aicryptocore.com/bitcoin-long-positions-bitfinex-highest-since-november-2023/,10,Low,Structure,"The heading structure is readable but underdeveloped for the topic depth implied by the title.","The article feels thin even though the hierarchy is technically acceptable.","Expand the structure with sections for current reading, historical comparisons, bull case, bear case, and what traders should watch next."
